,url,repository_url,labels_url,user
0,https://api.github.com/repos/pandas-dev/pandas/issues/50199,https://api.github.com/repos/pandas-dev/pandas,https://api.github.com/repos/pandas-dev/pandas/issues/50199/labels{/name},"{'login': 'cdcadman', 'id': 51368516, 'node_id': 'MDQ6VXNlcjUxMzY4NTE2', 'avatar_url': 'https://avatars.githubusercontent.com/u/51368516?v=4', 'gravatar_id': '', 'url': 'https://api.github.com/users/cdcadman', 'html_url': 'https://github.com/cdcadman', 'followers_url': 'https://api.github.com/users/cdcadman/followers', 'following_url': 'https://api.github.com/users/cdcadman/following{/other_user}', 'gists_url': 'https://api.github.com/users/cdcadman/gists{/gist_id}', 'starred_url': 'https://api.github.com/users/cdcadman/starred{/owner}{/repo}', 'subscriptions_url': 'https://api.github.com/users/cdcadman/subscriptions', 'organizations_url': 'https://api.github.com/users/cdcadman/orgs', 'repos_url': 'https://api.github.com/users/cdcadman/repos', 'events_url': 'https://api.github.com/users/cdcadman/events{/privacy}', 'received_events_url': 'https://api.github.com/users/cdcadman/received_events', 'type': 'User', 'site_admin': False}"
1,https://api.github.com/repos/pandas-dev/pandas/issues/50198,https://api.github.com/repos/pandas-dev/pandas,https://api.github.com/repos/pandas-dev/pandas/issues/50198/labels{/name},"{'login': 'Salman-F', 'id': 64493622, 'node_id': 'MDQ6VXNlcjY0NDkzNjIy', 'avatar_url': 'https://avatars.githubusercontent.com/u/64493622?v=4', 'gravatar_id': '', 'url': 'https://api.github.com/users/Salman-F', 'html_url': 'https://github.com/Salman-F', 'followers_url': 'https://api.github.com/users/Salman-F/followers', 'following_url': 'https://api.github.com/users/Salman-F/following{/other_user}', 'gists_url': 'https://api.github.com/users/Salman-F/gists{/gist_id}', 'starred_url': 'https://api.github.com/users/Salman-F/starred{/owner}{/repo}', 'subscriptions_url': 'https://api.github.com/users/Salman-F/subscriptions', 'organizations_url': 'https://api.github.com/users/Salman-F/orgs', 'repos_url': 'https://api.github.com/users/Salman-F/repos', 'events_url': 'https://api.github.com/users/Salman-F/events{/privacy}', 'received_events_url': 'https://api.github.com/users/Salman-F/received_events', 'type': 'User', 'site_admin': False}"
2,https://api.github.com/repos/pandas-dev/pandas/issues/50197,https://api.github.com/repos/pandas-dev/pandas,https://api.github.com/repos/pandas-dev/pandas/issues/50197/labels{/name},"{'login': 'luke396', 'id': 77875500, 'node_id': 'MDQ6VXNlcjc3ODc1NTAw', 'avatar_url': 'https://avatars.githubusercontent.com/u/77875500?v=4', 'gravatar_id': '', 'url': 'https://api.github.com/users/luke396', 'html_url': 'https://github.com/luke396', 'followers_url': 'https://api.github.com/users/luke396/followers', 'following_url': 'https://api.github.com/users/luke396/following{/other_user}', 'gists_url': 'https://api.github.com/users/luke396/gists{/gist_id}', 'starred_url': 'https://api.github.com/users/luke396/starred{/owner}{/repo}', 'subscriptions_url': 'https://api.github.com/users/luke396/subscriptions', 'organizations_url': 'https://api.github.com/users/luke396/orgs', 'repos_url': 'https://api.github.com/users/luke396/repos', 'events_url': 'https://api.github.com/users/luke396/events{/privacy}', 'received_events_url': 'https://api.github.com/users/luke396/received_events', 'type': 'User', 'site_admin': False}"
3,https://api.github.com/repos/pandas-dev/pandas/issues/50196,https://api.github.com/repos/pandas-dev/pandas,https://api.github.com/repos/pandas-dev/pandas/issues/50196/labels{/name},"{'login': 'ShisuiUzumaki', 'id': 60926009, 'node_id': 'MDQ6VXNlcjYwOTI2MDA5', 'avatar_url': 'https://avatars.githubusercontent.com/u/60926009?v=4', 'gravatar_id': '', 'url': 'https://api.github.com/users/ShisuiUzumaki', 'html_url': 'https://github.com/ShisuiUzumaki', 'followers_url': 'https://api.github.com/users/ShisuiUzumaki/followers', 'following_url': 'https://api.github.com/users/ShisuiUzumaki/following{/other_user}', 'gists_url': 'https://api.github.com/users/ShisuiUzumaki/gists{/gist_id}', 'starred_url': 'https://api.github.com/users/ShisuiUzumaki/starred{/owner}{/repo}', 'subscriptions_url': 'https://api.github.com/users/ShisuiUzumaki/subscriptions', 'organizations_url': 'https://api.github.com/users/ShisuiUzumaki/orgs', 'repos_url': 'https://api.github.com/users/ShisuiUzumaki/repos', 'events_url': 'https://api.github.com/users/ShisuiUzumaki/events{/privacy}', 'received_events_url': 'https://api.github.com/users/ShisuiUzumaki/received_events', 'type': 'User', 'site_admin': False}"
4,https://api.github.com/repos/pandas-dev/pandas/issues/50195,https://api.github.com/repos/pandas-dev/pandas,https://api.github.com/repos/pandas-dev/pandas/issues/50195/labels{/name},"{'login': 'topper-123', 'id': 26364415, 'node_id': 'MDQ6VXNlcjI2MzY0NDE1', 'avatar_url': 'https://avatars.githubusercontent.com/u/26364415?v=4', 'gravatar_id': '', 'url': 'https://api.github.com/users/topper-123', 'html_url': 'https://github.com/topper-123', 'followers_url': 'https://api.github.com/users/topper-123/followers', 'following_url': 'https://api.github.com/users/topper-123/following{/other_user}', 'gists_url': 'https://api.github.com/users/topper-123/gists{/gist_id}', 'starred_url': 'https://api.github.com/users/topper-123/starred{/owner}{/repo}', 'subscriptions_url': 'https://api.github.com/users/topper-123/subscriptions', 'organizations_url': 'https://api.github.com/users/topper-123/orgs', 'repos_url': 'https://api.github.com/users/topper-123/repos', 'events_url': 'https://api.github.com/users/topper-123/events{/privacy}', 'received_events_url': 'https://api.github.com/users/topper-123/received_events', 'type': 'User', 'site_admin': False}"
5,https://api.github.com/repos/pandas-dev/pandas/issues/50194,https://api.github.com/repos/pandas-dev/pandas,https://api.github.com/repos/pandas-dev/pandas/issues/50194/labels{/name},"{'login': 'ThePaulean', 'id': 69096903, 'node_id': 'MDQ6VXNlcjY5MDk2OTAz', 'avatar_url': 'https://avatars.githubusercontent.com/u/69096903?v=4', 'gravatar_id': '', 'url': 'https://api.github.com/users/ThePaulean', 'html_url': 'https://github.com/ThePaulean', 'followers_url': 'https://api.github.com/users/ThePaulean/followers', 'following_url': 'https://api.github.com/users/ThePaulean/following{/other_user}', 'gists_url': 'https://api.github.com/users/ThePaulean/gists{/gist_id}', 'starred_url': 'https://api.github.com/users/ThePaulean/starred{/owner}{/repo}', 'subscriptions_url': 'https://api.github.com/users/ThePaulean/subscriptions', 'organizations_url': 'https://api.github.com/users/ThePaulean/orgs', 'repos_url': 'https://api.github.com/users/ThePaulean/repos', 'events_url': 'https://api.github.com/users/ThePaulean/events{/privacy}', 'received_events_url': 'https://api.github.com/users/ThePaulean/received_events', 'type': 'User', 'site_admin': False}"
6,https://api.github.com/repos/pandas-dev/pandas/issues/50193,https://api.github.com/repos/pandas-dev/pandas,https://api.github.com/repos/pandas-dev/pandas/issues/50193/labels{/name},"{'login': 'codestorm177', 'id': 59670951, 'node_id': 'MDQ6VXNlcjU5NjcwOTUx', 'avatar_url': 'https://avatars.githubusercontent.com/u/59670951?v=4', 'gravatar_id': '', 'url': 'https://api.github.com/users/codestorm177', 'html_url': 'https://github.com/codestorm177', 'followers_url': 'https://api.github.com/users/codestorm177/followers', 'following_url': 'https://api.github.com/users/codestorm177/following{/other_user}', 'gists_url': 'https://api.github.com/users/codestorm177/gists{/gist_id}', 'starred_url': 'https://api.github.com/users/codestorm177/starred{/owner}{/repo}', 'subscriptions_url': 'https://api.github.com/users/codestorm177/subscriptions', 'organizations_url': 'https://api.github.com/users/codestorm177/orgs', 'repos_url': 'https://api.github.com/users/codestorm177/repos', 'events_url': 'https://api.github.com/users/codestorm177/events{/privacy}', 'received_events_url': 'https://api.github.com/users/codestorm177/received_events', 'type': 'User', 'site_admin': False}"
7,https://api.github.com/repos/pandas-dev/pandas/issues/50192,https://api.github.com/repos/pandas-dev/pandas,https://api.github.com/repos/pandas-dev/pandas/issues/50192/labels{/name},"{'login': 'eshanja1n', 'id': 37260065, 'node_id': 'MDQ6VXNlcjM3MjYwMDY1', 'avatar_url': 'https://avatars.githubusercontent.com/u/37260065?v=4', 'gravatar_id': '', 'url': 'https://api.github.com/users/eshanja1n', 'html_url': 'https://github.com/eshanja1n', 'followers_url': 'https://api.github.com/users/eshanja1n/followers', 'following_url': 'https://api.github.com/users/eshanja1n/following{/other_user}', 'gists_url': 'https://api.github.com/users/eshanja1n/gists{/gist_id}', 'starred_url': 'https://api.github.com/users/eshanja1n/starred{/owner}{/repo}', 'subscriptions_url': 'https://api.github.com/users/eshanja1n/subscriptions', 'organizations_url': 'https://api.github.com/users/eshanja1n/orgs', 'repos_url': 'https://api.github.com/users/eshanja1n/repos', 'events_url': 'https://api.github.com/users/eshanja1n/events{/privacy}', 'received_events_url': 'https://api.github.com/users/eshanja1n/received_events', 'type': 'User', 'site_admin': False}"
8,https://api.github.com/repos/pandas-dev/pandas/issues/50191,https://api.github.com/repos/pandas-dev/pandas,https://api.github.com/repos/pandas-dev/pandas/issues/50191/labels{/name},"{'login': 'rebecca-palmer', 'id': 8066014, 'node_id': 'MDQ6VXNlcjgwNjYwMTQ=', 'avatar_url': 'https://avatars.githubusercontent.com/u/8066014?v=4', 'gravatar_id': '', 'url': 'https://api.github.com/users/rebecca-palmer', 'html_url': 'https://github.com/rebecca-palmer', 'followers_url': 'https://api.github.com/users/rebecca-palmer/followers', 'following_url': 'https://api.github.com/users/rebecca-palmer/following{/other_user}', 'gists_url': 'https://api.github.com/users/rebecca-palmer/gists{/gist_id}', 'starred_url': 'https://api.github.com/users/rebecca-palmer/starred{/owner}{/repo}', 'subscriptions_url': 'https://api.github.com/users/rebecca-palmer/subscriptions', 'organizations_url': 'https://api.github.com/users/rebecca-palmer/orgs', 'repos_url': 'https://api.github.com/users/rebecca-palmer/repos', 'events_url': 'https://api.github.com/users/rebecca-palmer/events{/privacy}', 'received_events_url': 'https://api.github.com/users/rebecca-palmer/received_events', 'type': 'User', 'site_admin': False}"
9,https://api.github.com/repos/pandas-dev/pandas/issues/50190,https://api.github.com/repos/pandas-dev/pandas,https://api.github.com/repos/pandas-dev/pandas/issues/50190/labels{/name},"{'login': 'codestorm177', 'id': 59670951, 'node_id': 'MDQ6VXNlcjU5NjcwOTUx', 'avatar_url': 'https://avatars.githubusercontent.com/u/59670951?v=4', 'gravatar_id': '', 'url': 'https://api.github.com/users/codestorm177', 'html_url': 'https://github.com/codestorm177', 'followers_url': 'https://api.github.com/users/codestorm177/followers', 'following_url': 'https://api.github.com/users/codestorm177/following{/other_user}', 'gists_url': 'https://api.github.com/users/codestorm177/gists{/gist_id}', 'starred_url': 'https://api.github.com/users/codestorm177/starred{/owner}{/repo}', 'subscriptions_url': 'https://api.github.com/users/codestorm177/subscriptions', 'organizations_url': 'https://api.github.com/users/codestorm177/orgs', 'repos_url': 'https://api.github.com/users/codestorm177/repos', 'events_url': 'https://api.github.com/users/codestorm177/events{/privacy}', 'received_events_url': 'https://api.github.com/users/codestorm177/received_events', 'type': 'User', 'site_admin': False}"
10,https://api.github.com/repos/pandas-dev/pandas/issues/50188,https://api.github.com/repos/pandas-dev/pandas,https://api.github.com/repos/pandas-dev/pandas/issues/50188/labels{/name},"{'login': 'MarcoGorelli', 'id': 33491632, 'node_id': 'MDQ6VXNlcjMzNDkxNjMy', 'avatar_url': 'https://avatars.githubusercontent.com/u/33491632?v=4', 'gravatar_id': '', 'url': 'https://api.github.com/users/MarcoGorelli', 'html_url': 'https://github.com/MarcoGorelli', 'followers_url': 'https://api.github.com/users/MarcoGorelli/followers', 'following_url': 'https://api.github.com/users/MarcoGorelli/following{/other_user}', 'gists_url': 'https://api.github.com/users/MarcoGorelli/gists{/gist_id}', 'starred_url': 'https://api.github.com/users/MarcoGorelli/starred{/owner}{/repo}', 'subscriptions_url': 'https://api.github.com/users/MarcoGorelli/subscriptions', 'organizations_url': 'https://api.github.com/users/MarcoGorelli/orgs', 'repos_url': 'https://api.github.com/users/MarcoGorelli/repos', 'events_url': 'https://api.github.com/users/MarcoGorelli/events{/privacy}', 'received_events_url': 'https://api.github.com/users/MarcoGorelli/received_events', 'type': 'User', 'site_admin': False}"
11,https://api.github.com/repos/pandas-dev/pandas/issues/50186,https://api.github.com/repos/pandas-dev/pandas,https://api.github.com/repos/pandas-dev/pandas/issues/50186/labels{/name},"{'login': 'theoniko', 'id': 28800819, 'node_id': 'MDQ6VXNlcjI4ODAwODE5', 'avatar_url': 'https://avatars.githubusercontent.com/u/28800819?v=4', 'gravatar_id': '', 'url': 'https://api.github.com/users/theoniko', 'html_url': 'https://github.com/theoniko', 'followers_url': 'https://api.github.com/users/theoniko/followers', 'following_url': 'https://api.github.com/users/theoniko/following{/other_user}', 'gists_url': 'https://api.github.com/users/theoniko/gists{/gist_id}', 'starred_url': 'https://api.github.com/users/theoniko/starred{/owner}{/repo}', 'subscriptions_url': 'https://api.github.com/users/theoniko/subscriptions', 'organizations_url': 'https://api.github.com/users/theoniko/orgs', 'repos_url': 'https://api.github.com/users/theoniko/repos', 'events_url': 'https://api.github.com/users/theoniko/events{/privacy}', 'received_events_url': 'https://api.github.com/users/theoniko/received_events', 'type': 'User', 'site_admin': False}"
12,https://api.github.com/repos/pandas-dev/pandas/issues/50185,https://api.github.com/repos/pandas-dev/pandas,https://api.github.com/repos/pandas-dev/pandas/issues/50185/labels{/name},"{'login': 'cdcadman', 'id': 51368516, 'node_id': 'MDQ6VXNlcjUxMzY4NTE2', 'avatar_url': 'https://avatars.githubusercontent.com/u/51368516?v=4', 'gravatar_id': '', 'url': 'https://api.github.com/users/cdcadman', 'html_url': 'https://github.com/cdcadman', 'followers_url': 'https://api.github.com/users/cdcadman/followers', 'following_url': 'https://api.github.com/users/cdcadman/following{/other_user}', 'gists_url': 'https://api.github.com/users/cdcadman/gists{/gist_id}', 'starred_url': 'https://api.github.com/users/cdcadman/starred{/owner}{/repo}', 'subscriptions_url': 'https://api.github.com/users/cdcadman/subscriptions', 'organizations_url': 'https://api.github.com/users/cdcadman/orgs', 'repos_url': 'https://api.github.com/users/cdcadman/repos', 'events_url': 'https://api.github.com/users/cdcadman/events{/privacy}', 'received_events_url': 'https://api.github.com/users/cdcadman/received_events', 'type': 'User', 'site_admin': False}"
13,https://api.github.com/repos/pandas-dev/pandas/issues/50184,https://api.github.com/repos/pandas-dev/pandas,https://api.github.com/repos/pandas-dev/pandas/issues/50184/labels{/name},"{'login': 'glM26', 'id': 35031631, 'node_id': 'MDQ6VXNlcjM1MDMxNjMx', 'avatar_url': 'https://avatars.githubusercontent.com/u/35031631?v=4', 'gravatar_id': '', 'url': 'https://api.github.com/users/glM26', 'html_url': 'https://github.com/glM26', 'followers_url': 'https://api.github.com/users/glM26/followers', 'following_url': 'https://api.github.com/users/glM26/following{/other_user}', 'gists_url': 'https://api.github.com/users/glM26/gists{/gist_id}', 'starred_url': 'https://api.github.com/users/glM26/starred{/owner}{/repo}', 'subscriptions_url': 'https://api.github.com/users/glM26/subscriptions', 'organizations_url': 'https://api.github.com/users/glM26/orgs', 'repos_url': 'https://api.github.com/users/glM26/repos', 'events_url': 'https://api.github.com/users/glM26/events{/privacy}', 'received_events_url': 'https://api.github.com/users/glM26/received_events', 'type': 'User', 'site_admin': False}"
14,https://api.github.com/repos/pandas-dev/pandas/issues/50183,https://api.github.com/repos/pandas-dev/pandas,https://api.github.com/repos/pandas-dev/pandas/issues/50183/labels{/name},"{'login': 'rebecca-palmer', 'id': 8066014, 'node_id': 'MDQ6VXNlcjgwNjYwMTQ=', 'avatar_url': 'https://avatars.githubusercontent.com/u/8066014?v=4', 'gravatar_id': '', 'url': 'https://api.github.com/users/rebecca-palmer', 'html_url': 'https://github.com/rebecca-palmer', 'followers_url': 'https://api.github.com/users/rebecca-palmer/followers', 'following_url': 'https://api.github.com/users/rebecca-palmer/following{/other_user}', 'gists_url': 'https://api.github.com/users/rebecca-palmer/gists{/gist_id}', 'starred_url': 'https://api.github.com/users/rebecca-palmer/starred{/owner}{/repo}', 'subscriptions_url': 'https://api.github.com/users/rebecca-palmer/subscriptions', 'organizations_url': 'https://api.github.com/users/rebecca-palmer/orgs', 'repos_url': 'https://api.github.com/users/rebecca-palmer/repos', 'events_url': 'https://api.github.com/users/rebecca-palmer/events{/privacy}', 'received_events_url': 'https://api.github.com/users/rebecca-palmer/received_events', 'type': 'User', 'site_admin': False}"
15,https://api.github.com/repos/pandas-dev/pandas/issues/50182,https://api.github.com/repos/pandas-dev/pandas,https://api.github.com/repos/pandas-dev/pandas/issues/50182/labels{/name},"{'login': 'natmokval', 'id': 91160475, 'node_id': 'MDQ6VXNlcjkxMTYwNDc1', 'avatar_url': 'https://avatars.githubusercontent.com/u/91160475?v=4', 'gravatar_id': '', 'url': 'https://api.github.com/users/natmokval', 'html_url': 'https://github.com/natmokval', 'followers_url': 'https://api.github.com/users/natmokval/followers', 'following_url': 'https://api.github.com/users/natmokval/following{/other_user}', 'gists_url': 'https://api.github.com/users/natmokval/gists{/gist_id}', 'starred_url': 'https://api.github.com/users/natmokval/starred{/owner}{/repo}', 'subscriptions_url': 'https://api.github.com/users/natmokval/subscriptions', 'organizations_url': 'https://api.github.com/users/natmokval/orgs', 'repos_url': 'https://api.github.com/users/natmokval/repos', 'events_url': 'https://api.github.com/users/natmokval/events{/privacy}', 'received_events_url': 'https://api.github.com/users/natmokval/received_events', 'type': 'User', 'site_admin': False}"
16,https://api.github.com/repos/pandas-dev/pandas/issues/50179,https://api.github.com/repos/pandas-dev/pandas,https://api.github.com/repos/pandas-dev/pandas/issues/50179/labels{/name},"{'login': 'bilaljai', 'id': 55934929, 'node_id': 'MDQ6VXNlcjU1OTM0OTI5', 'avatar_url': 'https://avatars.githubusercontent.com/u/55934929?v=4', 'gravatar_id': '', 'url': 'https://api.github.com/users/bilaljai', 'html_url': 'https://github.com/bilaljai', 'followers_url': 'https://api.github.com/users/bilaljai/followers', 'following_url': 'https://api.github.com/users/bilaljai/following{/other_user}', 'gists_url': 'https://api.github.com/users/bilaljai/gists{/gist_id}', 'starred_url': 'https://api.github.com/users/bilaljai/starred{/owner}{/repo}', 'subscriptions_url': 'https://api.github.com/users/bilaljai/subscriptions', 'organizations_url': 'https://api.github.com/users/bilaljai/orgs', 'repos_url': 'https://api.github.com/users/bilaljai/repos', 'events_url': 'https://api.github.com/users/bilaljai/events{/privacy}', 'received_events_url': 'https://api.github.com/users/bilaljai/received_events', 'type': 'User', 'site_admin': False}"
17,https://api.github.com/repos/pandas-dev/pandas/issues/50178,https://api.github.com/repos/pandas-dev/pandas,https://api.github.com/repos/pandas-dev/pandas/issues/50178/labels{/name},"{'login': 'topper-123', 'id': 26364415, 'node_id': 'MDQ6VXNlcjI2MzY0NDE1', 'avatar_url': 'https://avatars.githubusercontent.com/u/26364415?v=4', 'gravatar_id': '', 'url': 'https://api.github.com/users/topper-123', 'html_url': 'https://github.com/topper-123', 'followers_url': 'https://api.github.com/users/topper-123/followers', 'following_url': 'https://api.github.com/users/topper-123/following{/other_user}', 'gists_url': 'https://api.github.com/users/topper-123/gists{/gist_id}', 'starred_url': 'https://api.github.com/users/topper-123/starred{/owner}{/repo}', 'subscriptions_url': 'https://api.github.com/users/topper-123/subscriptions', 'organizations_url': 'https://api.github.com/users/topper-123/orgs', 'repos_url': 'https://api.github.com/users/topper-123/repos', 'events_url': 'https://api.github.com/users/topper-123/events{/privacy}', 'received_events_url': 'https://api.github.com/users/topper-123/received_events', 'type': 'User', 'site_admin': False}"
18,https://api.github.com/repos/pandas-dev/pandas/issues/50177,https://api.github.com/repos/pandas-dev/pandas,https://api.github.com/repos/pandas-dev/pandas/issues/50177/labels{/name},"{'login': 'cdcadman', 'id': 51368516, 'node_id': 'MDQ6VXNlcjUxMzY4NTE2', 'avatar_url': 'https://avatars.githubusercontent.com/u/51368516?v=4', 'gravatar_id': '', 'url': 'https://api.github.com/users/cdcadman', 'html_url': 'https://github.com/cdcadman', 'followers_url': 'https://api.github.com/users/cdcadman/followers', 'following_url': 'https://api.github.com/users/cdcadman/following{/other_user}', 'gists_url': 'https://api.github.com/users/cdcadman/gists{/gist_id}', 'starred_url': 'https://api.github.com/users/cdcadman/starred{/owner}{/repo}', 'subscriptions_url': 'https://api.github.com/users/cdcadman/subscriptions', 'organizations_url': 'https://api.github.com/users/cdcadman/orgs', 'repos_url': 'https://api.github.com/users/cdcadman/repos', 'events_url': 'https://api.github.com/users/cdcadman/events{/privacy}', 'received_events_url': 'https://api.github.com/users/cdcadman/received_events', 'type': 'User', 'site_admin': False}"
19,https://api.github.com/repos/pandas-dev/pandas/issues/50176,https://api.github.com/repos/pandas-dev/pandas,https://api.github.com/repos/pandas-dev/pandas/issues/50176/labels{/name},"{'login': 'topper-123', 'id': 26364415, 'node_id': 'MDQ6VXNlcjI2MzY0NDE1', 'avatar_url': 'https://avatars.githubusercontent.com/u/26364415?v=4', 'gravatar_id': '', 'url': 'https://api.github.com/users/topper-123', 'html_url': 'https://github.com/topper-123', 'followers_url': 'https://api.github.com/users/topper-123/followers', 'following_url': 'https://api.github.com/users/topper-123/following{/other_user}', 'gists_url': 'https://api.github.com/users/topper-123/gists{/gist_id}', 'starred_url': 'https://api.github.com/users/topper-123/starred{/owner}{/repo}', 'subscriptions_url': 'https://api.github.com/users/topper-123/subscriptions', 'organizations_url': 'https://api.github.com/users/topper-123/orgs', 'repos_url': 'https://api.github.com/users/topper-123/repos', 'events_url': 'https://api.github.com/users/topper-123/events{/privacy}', 'received_events_url': 'https://api.github.com/users/topper-123/received_events', 'type': 'User', 'site_admin': False}"
20,https://api.github.com/repos/pandas-dev/pandas/issues/50175,https://api.github.com/repos/pandas-dev/pandas,https://api.github.com/repos/pandas-dev/pandas/issues/50175/labels{/name},"{'login': 'phofl', 'id': 61934744, 'node_id': 'MDQ6VXNlcjYxOTM0NzQ0', 'avatar_url': 'https://avatars.githubusercontent.com/u/61934744?v=4', 'gravatar_id': '', 'url': 'https://api.github.com/users/phofl', 'html_url': 'https://github.com/phofl', 'followers_url': 'https://api.github.com/users/phofl/followers', 'following_url': 'https://api.github.com/users/phofl/following{/other_user}', 'gists_url': 'https://api.github.com/users/phofl/gists{/gist_id}', 'starred_url': 'https://api.github.com/users/phofl/starred{/owner}{/repo}', 'subscriptions_url': 'https://api.github.com/users/phofl/subscriptions', 'organizations_url': 'https://api.github.com/users/phofl/orgs', 'repos_url': 'https://api.github.com/users/phofl/repos', 'events_url': 'https://api.github.com/users/phofl/events{/privacy}', 'received_events_url': 'https://api.github.com/users/phofl/received_events', 'type': 'User', 'site_admin': False}"
21,https://api.github.com/repos/pandas-dev/pandas/issues/50174,https://api.github.com/repos/pandas-dev/pandas,https://api.github.com/repos/pandas-dev/pandas/issues/50174/labels{/name},"{'login': 'alexanderwertman3', 'id': 56045351, 'node_id': 'MDQ6VXNlcjU2MDQ1MzUx', 'avatar_url': 'https://avatars.githubusercontent.com/u/56045351?v=4', 'gravatar_id': '', 'url': 'https://api.github.com/users/alexanderwertman3', 'html_url': 'https://github.com/alexanderwertman3', 'followers_url': 'https://api.github.com/users/alexanderwertman3/followers', 'following_url': 'https://api.github.com/users/alexanderwertman3/following{/other_user}', 'gists_url': 'https://api.github.com/users/alexanderwertman3/gists{/gist_id}', 'starred_url': 'https://api.github.com/users/alexanderwertman3/starred{/owner}{/repo}', 'subscriptions_url': 'https://api.github.com/users/alexanderwertman3/subscriptions', 'organizations_url': 'https://api.github.com/users/alexanderwertman3/orgs', 'repos_url': 'https://api.github.com/users/alexanderwertman3/repos', 'events_url': 'https://api.github.com/users/alexanderwertman3/events{/privacy}', 'received_events_url': 'https://api.github.com/users/alexanderwertman3/received_events', 'type': 'User', 'site_admin': False}"
22,https://api.github.com/repos/pandas-dev/pandas/issues/50173,https://api.github.com/repos/pandas-dev/pandas,https://api.github.com/repos/pandas-dev/pandas/issues/50173/labels{/name},"{'login': 'phofl', 'id': 61934744, 'node_id': 'MDQ6VXNlcjYxOTM0NzQ0', 'avatar_url': 'https://avatars.githubusercontent.com/u/61934744?v=4', 'gravatar_id': '', 'url': 'https://api.github.com/users/phofl', 'html_url': 'https://github.com/phofl', 'followers_url': 'https://api.github.com/users/phofl/followers', 'following_url': 'https://api.github.com/users/phofl/following{/other_user}', 'gists_url': 'https://api.github.com/users/phofl/gists{/gist_id}', 'starred_url': 'https://api.github.com/users/phofl/starred{/owner}{/repo}', 'subscriptions_url': 'https://api.github.com/users/phofl/subscriptions', 'organizations_url': 'https://api.github.com/users/phofl/orgs', 'repos_url': 'https://api.github.com/users/phofl/repos', 'events_url': 'https://api.github.com/users/phofl/events{/privacy}', 'received_events_url': 'https://api.github.com/users/phofl/received_events', 'type': 'User', 'site_admin': False}"
23,https://api.github.com/repos/pandas-dev/pandas/issues/50171,https://api.github.com/repos/pandas-dev/pandas,https://api.github.com/repos/pandas-dev/pandas/issues/50171/labels{/name},"{'login': 'phofl', 'id': 61934744, 'node_id': 'MDQ6VXNlcjYxOTM0NzQ0', 'avatar_url': 'https://avatars.githubusercontent.com/u/61934744?v=4', 'gravatar_id': '', 'url': 'https://api.github.com/users/phofl', 'html_url': 'https://github.com/phofl', 'followers_url': 'https://api.github.com/users/phofl/followers', 'following_url': 'https://api.github.com/users/phofl/following{/other_user}', 'gists_url': 'https://api.github.com/users/phofl/gists{/gist_id}', 'starred_url': 'https://api.github.com/users/phofl/starred{/owner}{/repo}', 'subscriptions_url': 'https://api.github.com/users/phofl/subscriptions', 'organizations_url': 'https://api.github.com/users/phofl/orgs', 'repos_url': 'https://api.github.com/users/phofl/repos', 'events_url': 'https://api.github.com/users/phofl/events{/privacy}', 'received_events_url': 'https://api.github.com/users/phofl/received_events', 'type': 'User', 'site_admin': False}"
24,https://api.github.com/repos/pandas-dev/pandas/issues/50170,https://api.github.com/repos/pandas-dev/pandas,https://api.github.com/repos/pandas-dev/pandas/issues/50170/labels{/name},"{'login': 'phofl', 'id': 61934744, 'node_id': 'MDQ6VXNlcjYxOTM0NzQ0', 'avatar_url': 'https://avatars.githubusercontent.com/u/61934744?v=4', 'gravatar_id': '', 'url': 'https://api.github.com/users/phofl', 'html_url': 'https://github.com/phofl', 'followers_url': 'https://api.github.com/users/phofl/followers', 'following_url': 'https://api.github.com/users/phofl/following{/other_user}', 'gists_url': 'https://api.github.com/users/phofl/gists{/gist_id}', 'starred_url': 'https://api.github.com/users/phofl/starred{/owner}{/repo}', 'subscriptions_url': 'https://api.github.com/users/phofl/subscriptions', 'organizations_url': 'https://api.github.com/users/phofl/orgs', 'repos_url': 'https://api.github.com/users/phofl/repos', 'events_url': 'https://api.github.com/users/phofl/events{/privacy}', 'received_events_url': 'https://api.github.com/users/phofl/received_events', 'type': 'User', 'site_admin': False}"
25,https://api.github.com/repos/pandas-dev/pandas/issues/50169,https://api.github.com/repos/pandas-dev/pandas,https://api.github.com/repos/pandas-dev/pandas/issues/50169/labels{/name},"{'login': 'WillAyd', 'id': 609873, 'node_id': 'MDQ6VXNlcjYwOTg3Mw==', 'avatar_url': 'https://avatars.githubusercontent.com/u/609873?v=4', 'gravatar_id': '', 'url': 'https://api.github.com/users/WillAyd', 'html_url': 'https://github.com/WillAyd', 'followers_url': 'https://api.github.com/users/WillAyd/followers', 'following_url': 'https://api.github.com/users/WillAyd/following{/other_user}', 'gists_url': 'https://api.github.com/users/WillAyd/gists{/gist_id}', 'starred_url': 'https://api.github.com/users/WillAyd/starred{/owner}{/repo}', 'subscriptions_url': 'https://api.github.com/users/WillAyd/subscriptions', 'organizations_url': 'https://api.github.com/users/WillAyd/orgs', 'repos_url': 'https://api.github.com/users/WillAyd/repos', 'events_url': 'https://api.github.com/users/WillAyd/events{/privacy}', 'received_events_url': 'https://api.github.com/users/WillAyd/received_events', 'type': 'User', 'site_admin': False}"
26,https://api.github.com/repos/pandas-dev/pandas/issues/50166,https://api.github.com/repos/pandas-dev/pandas,https://api.github.com/repos/pandas-dev/pandas/issues/50166/labels{/name},"{'login': 'Trackingerror', 'id': 103377869, 'node_id': 'U_kgDOBilrzQ', 'avatar_url': 'https://avatars.githubusercontent.com/u/103377869?v=4', 'gravatar_id': '', 'url': 'https://api.github.com/users/Trackingerror', 'html_url': 'https://github.com/Trackingerror', 'followers_url': 'https://api.github.com/users/Trackingerror/followers', 'following_url': 'https://api.github.com/users/Trackingerror/following{/other_user}', 'gists_url': 'https://api.github.com/users/Trackingerror/gists{/gist_id}', 'starred_url': 'https://api.github.com/users/Trackingerror/starred{/owner}{/repo}', 'subscriptions_url': 'https://api.github.com/users/Trackingerror/subscriptions', 'organizations_url': 'https://api.github.com/users/Trackingerror/orgs', 'repos_url': 'https://api.github.com/users/Trackingerror/repos', 'events_url': 'https://api.github.com/users/Trackingerror/events{/privacy}', 'received_events_url': 'https://api.github.com/users/Trackingerror/received_events', 'type': 'User', 'site_admin': False}"
27,https://api.github.com/repos/pandas-dev/pandas/issues/50165,https://api.github.com/repos/pandas-dev/pandas,https://api.github.com/repos/pandas-dev/pandas/issues/50165/labels{/name},"{'login': 'toobaz', 'id': 1224492, 'node_id': 'MDQ6VXNlcjEyMjQ0OTI=', 'avatar_url': 'https://avatars.githubusercontent.com/u/1224492?v=4', 'gravatar_id': '', 'url': 'https://api.github.com/users/toobaz', 'html_url': 'https://github.com/toobaz', 'followers_url': 'https://api.github.com/users/toobaz/followers', 'following_url': 'https://api.github.com/users/toobaz/following{/other_user}', 'gists_url': 'https://api.github.com/users/toobaz/gists{/gist_id}', 'starred_url': 'https://api.github.com/users/toobaz/starred{/owner}{/repo}', 'subscriptions_url': 'https://api.github.com/users/toobaz/subscriptions', 'organizations_url': 'https://api.github.com/users/toobaz/orgs', 'repos_url': 'https://api.github.com/users/toobaz/repos', 'events_url': 'https://api.github.com/users/toobaz/events{/privacy}', 'received_events_url': 'https://api.github.com/users/toobaz/received_events', 'type': 'User', 'site_admin': False}"
28,https://api.github.com/repos/pandas-dev/pandas/issues/50164,https://api.github.com/repos/pandas-dev/pandas,https://api.github.com/repos/pandas-dev/pandas/issues/50164/labels{/name},"{'login': 'bang128', 'id': 71242233, 'node_id': 'MDQ6VXNlcjcxMjQyMjMz', 'avatar_url': 'https://avatars.githubusercontent.com/u/71242233?v=4', 'gravatar_id': '', 'url': 'https://api.github.com/users/bang128', 'html_url': 'https://github.com/bang128', 'followers_url': 'https://api.github.com/users/bang128/followers', 'following_url': 'https://api.github.com/users/bang128/following{/other_user}', 'gists_url': 'https://api.github.com/users/bang128/gists{/gist_id}', 'starred_url': 'https://api.github.com/users/bang128/starred{/owner}{/repo}', 'subscriptions_url': 'https://api.github.com/users/bang128/subscriptions', 'organizations_url': 'https://api.github.com/users/bang128/orgs', 'repos_url': 'https://api.github.com/users/bang128/repos', 'events_url': 'https://api.github.com/users/bang128/events{/privacy}', 'received_events_url': 'https://api.github.com/users/bang128/received_events', 'type': 'User', 'site_admin': False}"
29,https://api.github.com/repos/pandas-dev/pandas/issues/50163,https://api.github.com/repos/pandas-dev/pandas,https://api.github.com/repos/pandas-dev/pandas/issues/50163/labels{/name},"{'login': 'vyasr', 'id': 1538165, 'node_id': 'MDQ6VXNlcjE1MzgxNjU=', 'avatar_url': 'https://avatars.githubusercontent.com/u/1538165?v=4', 'gravatar_id': '', 'url': 'https://api.github.com/users/vyasr', 'html_url': 'https://github.com/vyasr', 'followers_url': 'https://api.github.com/users/vyasr/followers', 'following_url': 'https://api.github.com/users/vyasr/following{/other_user}', 'gists_url': 'https://api.github.com/users/vyasr/gists{/gist_id}', 'starred_url': 'https://api.github.com/users/vyasr/starred{/owner}{/repo}', 'subscriptions_url': 'https://api.github.com/users/vyasr/subscriptions', 'organizations_url': 'https://api.github.com/users/vyasr/orgs', 'repos_url': 'https://api.github.com/users/vyasr/repos', 'events_url': 'https://api.github.com/users/vyasr/events{/privacy}', 'received_events_url': 'https://api.github.com/users/vyasr/received_events', 'type': 'User', 'site_admin': False}"
